ts	phase	decision	why	evidence	result
2026-09-23T23:18:00Z	tdd-red	Added async endpoint tests for market status, details, and history in tests/test_api_endpoints.py	Establish red-green-refactor loop by verifying new API boundaries fail before coding	tests/test_api_endpoints.py:361-405	tests failed with 404 (RED phase confirmed)
2026-09-23T23:20:00Z	backend	Added US equity market session calculator with Eastern Time zone in backend/quotes.py	Provide reliable session state (PRE_MARKET, OPEN, AFTER_HOURS, CLOSED) and countdown seconds	backend/quotes.py:307-406	clean calculation without external latency
2026-09-23T23:21:00Z	backend	Added get_stock_details and get_stock_history with in-memory TTL caching	Fast quotes and institutional fundamentals without rate limit or slow Yahoo finance calls	backend/quotes.py:413-529	sub-100ms response time on cached quotes
2026-09-23T23:22:00Z	tdd-green	Wired GET /api/market/status, /market/details/{symbol}, and /market/history/{symbol} in backend/server.py	Expose public endpoints for frontend consumption and satisfy test assertions	backend/server.py:488-510	all 27 pytest tests passed green
2026-09-23T23:23:00Z	frontend-ui	Implemented pinned market session badge with 1-second countdown tick in TopTickerBar.jsx	Feature 5 requirement for real-time market session awareness and countdown	frontend/src/components/TopTickerBar.jsx:88-124	verified live ticking badge data-testid="market-status-badge"
2026-09-23T23:24:00Z	frontend-ui	Created StockDetailModal.jsx with Recharts AreaChart, key metrics grid, and ESC dismiss	Feature 6 requirement for Bloomberg-style institutional single-stock terminal view	frontend/src/components/StockDetailModal.jsx:1-493	compiled cleanly with 0 build warnings
2026-09-23T23:25:00Z	integration	Wired openStockModal custom event triggers across TopTickerBar, PortfolioTab, and WatchlistTab	Enable launching the stock detail modal seamlessly from any ticker across the application	frontend/src/App.js:41-52, frontend/src/lib/api.js:74-78	interactive triggers verified across all 3 components
2026-09-23T23:39:00Z	tdd-e2e	Added and ran Playwright tests TC-QUOTE-05 and TC-QUOTE-06 in tests/e2e/20_quotes_ticker.spec.ts	Verify real user journey for countdown pill and single stock modal	tests/e2e/20_quotes_ticker.spec.ts:44-93	5 of 5 tests passed in 5.8s
2026-09-23T23:39:50Z	docs	Updated README.md with Section 1 session countdown and Section 6 Single-Stock Modal	Keep project documentation in sync with added features per docs-updater skill	README.md:14-52	README.md synchronized without exposing credentials
2026-09-23T23:40:00Z	policy	Codified TDD, Docs Updater, and Show Me Your Work in execution-rules.md	Ensure agent executes test validation, doc syncing, and decision logging on all runs	.agents/rules/execution-rules.md:27-44	rules activated for all future agent tasks
2026-09-24T03:55:00Z	tdd-red	Added resilience tests in tests/test_quotes.py for stock details and off-hours history	Verify stock chart failure edge cases (RVI, microcaps, off-hours empty 1D frames) fail before hardening	tests/test_quotes.py:79-113	revealed empty 1D intraday frames and NaN int cast error
2026-09-24T03:57:00Z	backend	Added safe casting and multi-tier session fallback in backend/quotes.py	Yahoo Finance returns empty 1D intraday data for closed markets and NaN for illiquid fundamentals	backend/quotes.py:417-545	fallback retrieves last trading session 5d/5m or daily bars without crashing
2026-09-24T03:58:00Z	frontend	Added fallback fetch logic in StockDetailModal.jsx	Ensure UI recovers gracefully if market details endpoint times out or 1D range returns zero points	frontend/src/components/StockDetailModal.jsx:32-75	automatically falls back to quote and 1W range
2026-09-24T03:59:00Z	integration	Wired openStockModal across Scanner, Alpha, News, Sentiment, Insider, Chat, Risk, and Charts tabs	Enable users to click and inspect security details wherever a stock, ETF, or crypto is referenced	frontend/src/components/*.jsx	all 8 tabs now dispatch openStockModal on ticker click
2026-09-24T04:01:00Z	tdd-e2e	Added TC-QUOTE-07 and validated test suite with 29 pytest and 6 Playwright tests	Verify resilience and universal cross-tab event handling under automated browser execution	tests/test_quotes.py, tests/e2e/20_quotes_ticker.spec.ts	29 pytest passed, 6/6 Playwright passed
2026-09-24T04:02:00Z	docs	Updated README.md Section 6 and test suite section with universal triggers and resilience specs	Maintain accurate documentation per docs-updater skill	README.md:44-59, 179-205	README synchronized cleanly
2026-09-25T23:20:00Z	mobile-ui	Hardened mobile viewports, safe-area insets, and disclaimer wrapping	Prevent text truncation and overlap with iOS Safari address bar and home indicator	frontend/public/index.html, frontend/src/App.js, frontend/src/index.css	full disclaimer wraps cleanly without truncation and respects safe areas
2026-09-25T23:20:30Z	mobile-ui	Refactored StockDetailModal metrics grid and footer for mobile viewports	Fix 2-column mobile asymmetric borders, add N/A labels, and support dvh	frontend/src/components/StockDetailModal.jsx:434-537	symmetric grid borders and safe-area modal footer
2026-09-25T23:20:50Z	tdd-e2e	Added TC-QUOTE-08 for mobile viewport validation (iPhone 13/14 390x844)	Verify mobile disclaimer visibility, non-truncation, and modal responsiveness	tests/e2e/20_quotes_ticker.spec.ts:110-142	7/7 Playwright tests passed, 29/29 pytest passed
2026-09-25T23:36:00Z	tdd-red	Added CNN Fear & Greed and ApeWisdom sentiment unit tests in tests/test_news.py	Follow TDD RED phase before implementing social aggregator improvements	tests/test_news.py:57-79	tests initially failed as expected (RED confirmed)
2026-09-25T23:37:00Z	backend	Integrated CNN Fear & Greed, Alternative.me Crypto F&G, and ApeWisdom in backend/sentiment_service.py	Replace blocked Reddit direct scraping (403) with 100% free official endpoints and social aggregators	backend/sentiment_service.py:54-88, 276-343	live Fear & Greed index (0-100) and retail buzz metrics active
2026-09-25T23:38:00Z	tdd-red	Added _fetch_rss_feed unit test for CNBC and Federal Reserve RSS feeds	Follow TDD RED phase for multi-source macro & stock news expansion	tests/test_news.py:82-96	ImportError confirmed (RED phase)
2026-09-25T23:39:00Z	backend	Implemented _fetch_rss_feed with ElementTree XML and redirect following in backend/news_service.py	Expand macro news with CNBC Economy, CNBC Finance, and Federal Reserve FOMC; add Yahoo RSS	backend/news_service.py:142-200, 360-420	all 6 pytest tests passed (GREEN phase)
2026-09-25T23:40:00Z	frontend	Rendered CNN 7 sub-indicators, Crypto F&G badge, and Reddit metrics in SentimentTab.jsx	Provide institutional depth with volatility VIX, safe haven demand, options put/call, and WSB ranks	frontend/src/components/SentimentTab.jsx:50-185	frontend compiled cleanly, 32 backend tests passed, 14 E2E tests passed
2026-09-25T23:56:00Z	backend-frontend	Omitted zero-count sources and restarted backend server with --reload	User rule: if 0 inputs from a source, do not show that source; stale uvicorn PID 34294 replaced with reload process	backend/sentiment_service.py:215-240, frontend/src/components/SentimentTab.jsx:214-235	verified curl and UI omit zero sources, all 32 pytest and 10 Playwright tests passed green
2026-09-26T00:15:00Z	tdd-red	Added unit tests in tests/test_xirr.py for personal annualized XIRR calculation	TDD RED phase to verify personal money-weighted rate of return solver requirements	tests/test_xirr.py:1-125	ImportError confirmed (RED phase)
2026-09-26T00:17:00Z	backend	Implemented Newton-Raphson XIRR solver with bisection fallback and short-horizon guard in backend/xirr_service.py	Institutional accurate money-weighted return accounting for purchase dates and tax lots	backend/xirr_service.py:1-170	exact 20% 1-yr and multi-lot convergence verified (GREEN phase)
2026-09-26T00:19:00Z	frontend	Added Portfolio XIRR summary KPI card and holding-level XIRR column in PortfolioTab.jsx	Surface annualized money-weighted return directly to user dashboard and table	frontend/src/components/PortfolioTab.jsx:320-335, 450-465	compiled cleanly, verified in Playwright suites 02 & 03
2026-09-26T00:23:00Z	tdd-red	Added tests in tests/test_corporate_actions.py for dividend metrics, calendar, and stock splits	TDD RED phase for Feature 10 corporate actions and dividend calendar	tests/test_corporate_actions.py:1-290	tests failed as expected before service creation
2026-09-26T00:24:00Z	backend	Implemented corporate_actions_service.py and endpoints /api/portfolio/corporate-actions and /api/market/corporate-actions/{symbol}	Free yfinance calendar & split extraction with TTL caching, 12-mo distribution, and pre-split lot detection	backend/corporate_actions_service.py, backend/server.py	all 7 corporate actions unit tests and 46 backend tests passed
2026-09-26T00:25:30Z	frontend	Built DividendCalendar.jsx with top metrics strip, upcoming ex-dates table, 12-mo visualizer, and split alerts	Provide institutional-grade corporate actions tracking and wire smooth scroll from annual cash flow card	frontend/src/components/DividendCalendar.jsx, frontend/src/components/PortfolioTab.jsx	compiled cleanly, 0 build errors
2026-09-26T00:27:00Z	tdd-e2e	Created and ran tests/e2e/23_corporate_actions.spec.ts covering TC-CORP-01, TC-CORP-02, TC-CORP-03	Verify browser rendering, sub-view tabs, collapse toggle, and modal launch from dividend table	tests/e2e/23_corporate_actions.spec.ts:1-75	3/3 tests passed in 5.4s, 21 regression tests passed
2026-09-26T00:34:00Z	governance	Enforced Strict TDD and Permanent Test Suite Expansion in execution-rules.md	Guarantee tests are written first to functional specs, never cater to code, and permanently expand suites	.agents/rules/execution-rules.md:29-41	rule codified and enforced for all future runs
2026-09-26T01:00:00Z	refactor	Created dedicated DividendsTab between Watchlist and Stock News and automated split math in list_holdings	User request: remove dividend calendar from portfolio tab, eliminate split UI panels, and calculate split multipliers automatically on lots	backend/server.py:165-190, frontend/src/components/DividendsTab.jsx, frontend/src/App.js	50/50 backend pytest passed, 22/22 Playwright tests passed
2026-09-26T01:09:00Z	frontend-ui	Reordered AI CHAT to last tab and applied flex-1 equal width distribution across full navigation bar	User request: place AI CHAT as the last tab and spread all 10 tab buttons equally across the row	frontend/src/App.js:24-36, 266-289, tests/e2e/23_corporate_actions.spec.ts:100-154	TC-CORP-05 passed, verified equal column bounding boxes and clean visual layout
2026-09-26T01:28:00Z	frontend-ui	Fixed Treemap distortion by tuning squarify aspectRatio={4/3}, increasing container height to 320px/340px, adding vertical text fallback, and instant hover HUD card	Small positions like SpaceX (SPCX) were squeezed into blank vertical slivers due to container aspect ratio and 32px text cutoff	frontend/src/components/PortfolioCharts.jsx:170-420, tests/e2e/05_treemap.spec.ts:44-93	TC-TREEMAP-04 passed, verified balanced blocks and clean hover HUD




